forget_set,config_tag,strategy,budget,seed_repeat_id,tier,n_steps,lr,n_draws,baseline_acc,unlearned_acc_mean,unlearned_acc_std,diff,overall_baseline,overall_unlearned_mean,overall_diff
forget_influence_300.npy,influence_300,influence,300,,majority,50,0.0001,5,0.597499999994025,0.5845999999941539,0.0201772265950814,-0.012899999999871126,0.35749999999642507,0.3502199999964978,-0.007279999999927289
forget_influence_300.npy,influence_300,influence,300,,mid_tail,50,0.0001,5,0.3699999999963,0.36699999999633,0.02561090295421483,-0.0029999999999700266,0.35749999999642507,0.3502199999964978,-0.007279999999927289
forget_influence_300.npy,influence_300,influence,300,,long_tail,50,0.0001,5,0.27099999999729,0.259466666664072,0.02044746659058214,-0.011533333333218043,0.35749999999642507,0.3502199999964978,-0.007279999999927289
forget_influence_300.npy,influence_300,influence,300,,safety_critical,50,0.0001,5,0.08699999999913001,0.086599999999134,0.012256958396447686,-0.00039999999999601465,0.35749999999642507,0.3502199999964978,-0.007279999999927289
forget_influence_400.npy,influence_400,influence,400,,majority,50,0.0001,5,0.597499999994025,0.5865999999941339,0.023502564043253037,-0.010899999999891108,0.35749999999642507,0.35007999999649925,-0.007419999999925819
forget_influence_400.npy,influence_400,influence,400,,mid_tail,50,0.0001,5,0.3699999999963,0.3639499999963605,0.02619633276955473,-0.006049999999939493,0.35749999999642507,0.35007999999649925,-0.007419999999925819
forget_influence_400.npy,influence_400,influence,400,,long_tail,50,0.0001,5,0.27099999999729,0.261533333330718,0.018073039347186567,-0.009466666666572032,0.35749999999642507,0.35007999999649925,-0.007419999999925819
forget_influence_400.npy,influence_400,influence,400,,safety_critical,50,0.0001,5,0.08699999999913001,0.087199999999128,0.01169046110553643,0.00019999999999799345,0.35749999999642507,0.35007999999649925,-0.007419999999925819
forget_random_300.npy,random_300,random,300,,majority,50,0.0001,5,0.597499999994025,0.5885999999941138,0.024831875732323462,-0.008899999999911201,0.35749999999642507,0.349299999996507,-0.00819999999991805
forget_random_300.npy,random_300,random,300,,mid_tail,50,0.0001,5,0.3699999999963,0.36289999999637096,0.025727342551128206,-0.007099999999929052,0.35749999999642507,0.349299999996507,-0.00819999999991805
forget_random_300.npy,random_300,random,300,,long_tail,50,0.0001,5,0.27099999999729,0.25939999999740604,0.02311751706415893,-0.011599999999883981,0.35749999999642507,0.349299999996507,-0.00819999999991805
forget_random_300.npy,random_300,random,300,,safety_critical,50,0.0001,5,0.08699999999913001,0.08599999999914,0.01364804914484453,-0.0009999999999900089,0.35749999999642507,0.349299999996507,-0.00819999999991805
forget_random_400.npy,random_400,random,400,,majority,50,0.0001,5,0.597499999994025,0.5904999999940951,0.022045359339234145,-0.006999999999929951,0.35749999999642507,0.34929999999650696,-0.008199999999918106
forget_random_400.npy,random_400,random,400,,mid_tail,50,0.0001,5,0.3699999999963,0.3641499999963585,0.022945980883203664,-0.005849999999941513,0.35749999999642507,0.34929999999650696,-0.008199999999918106
forget_random_400.npy,random_400,random,400,,long_tail,50,0.0001,5,0.27099999999729,0.257066666664096,0.02308418187926754,-0.01393333333319402,0.35749999999642507,0.34929999999650696,-0.008199999999918106
forget_random_400.npy,random_400,random,400,,safety_critical,50,0.0001,5,0.08699999999913001,0.084199999999158,0.011271505457776372,-0.0027999999999720054,0.35749999999642507,0.34929999999650696,-0.008199999999918106
forget_random_100_seed43.npy,random_100_seed43,random,100,43,majority,50,0.0001,5,0.597499999994025,0.5890999999941089,0.02084930229227714,-0.008399999999916141,0.35749999999642507,0.34951999999650485,-0.007979999999920218
forget_random_100_seed43.npy,random_100_seed43,random,100,43,mid_tail,50,0.0001,5,0.3699999999963,0.365099999996349,0.025652790397775398,-0.004899999999950999,0.35749999999642507,0.34951999999650485,-0.007979999999920218
forget_random_100_seed43.npy,random_100_seed43,random,100,43,long_tail,50,0.0001,5,0.27099999999729,0.25693333333076396,0.022898399416199967,-0.014066666666526062,0.35749999999642507,0.34951999999650485,-0.007979999999920218
forget_random_100_seed43.npy,random_100_seed43,random,100,43,safety_critical,50,0.0001,5,0.08699999999913001,0.085799999999142,0.011869028944108746,-0.0011999999999880162,0.35749999999642507,0.34951999999650485,-0.007979999999920218
forget_random_100_seed44.npy,random_100_seed44,random,100,44,majority,50,0.0001,5,0.597499999994025,0.588099999994119,0.020277192861112896,-0.009399999999906039,0.35749999999642507,0.34727999999652726,-0.01021999999989781
forget_random_100_seed44.npy,random_100_seed44,random,100,44,mid_tail,50,0.0001,5,0.3699999999963,0.35929999999640694,0.02278664210960549,-0.010699999999893073,0.35749999999642507,0.34727999999652726,-0.01021999999989781
forget_random_100_seed44.npy,random_100_seed44,random,100,44,long_tail,50,0.0001,5,0.27099999999729,0.257599999997424,0.020022962927111112,-0.013399999999866019,0.35749999999642507,0.34727999999652726,-0.01021999999989781
forget_random_100_seed44.npy,random_100_seed44,random,100,44,safety_critical,50,0.0001,5,0.08699999999913001,0.086599999999134,0.00913684593466434,-0.00039999999999601465,0.35749999999642507,0.34727999999652726,-0.01021999999989781
forget_random_100_seed45.npy,random_100_seed45,random,100,45,majority,50,0.0001,5,0.597499999994025,0.589399999994106,0.02278304123872541,-0.00809999999991906,0.35749999999642507,0.35069999999649304,-0.006799999999932027
forget_random_100_seed45.npy,random_100_seed45,random,100,45,mid_tail,50,0.0001,5,0.3699999999963,0.36599999999634,0.024635351361807327,-0.0039999999999600355,0.35749999999642507,0.35069999999649304,-0.006799999999932027
forget_random_100_seed45.npy,random_100_seed45,random,100,45,long_tail,50,0.0001,5,0.27099999999729,0.25919999999740795,0.02067460209264108,-0.011799999999882071,0.35749999999642507,0.35069999999649304,-0.006799999999932027
forget_random_100_seed45.npy,random_100_seed45,random,100,45,safety_critical,50,0.0001,5,0.08699999999913001,0.08659999999913401,0.012166059673605867,-0.0003999999999960008,0.35749999999642507,0.35069999999649304,-0.006799999999932027
forget_random_100_seed46.npy,random_100_seed46,random,100,46,majority,50,0.0001,5,0.597499999994025,0.5929999999940702,0.01884472137549951,-0.004499999999954873,0.35749999999642507,0.34867999999651317,-0.008819999999911898
forget_random_100_seed46.npy,random_100_seed46,random,100,46,mid_tail,50,0.0001,5,0.3699999999963,0.36224999999637747,0.02594905207286243,-0.007749999999922541,0.35749999999642507,0.34867999999651317,-0.008819999999911898
forget_random_100_seed46.npy,random_100_seed46,random,100,46,long_tail,50,0.0001,5,0.27099999999729,0.253266666664134,0.021488174871639457,-0.01773333333315602,0.35749999999642507,0.34867999999651317,-0.008819999999911898
forget_random_100_seed46.npy,random_100_seed46,random,100,46,safety_critical,50,0.0001,5,0.08699999999913001,0.09199999999908,0.015046581633759668,0.004999999999949989,0.35749999999642507,0.34867999999651317,-0.008819999999911898
